{
  "source": "program_capture",
  "width": 57,
  "height": 54,
  "screen_resolution": [
    2560,
    1600
  ],
  "dpi_scale": [
    1.4997070884592854,
    1.499531396438613
  ]
}